,Country,Region,Happiness Rank,Happiness Score,Standard Error,Economy (GDP per Capita),Family,Health (Life Expectancy),Freedom,Trust (Government Corruption),Generosity,Dystopia Residual,"Bird Species, Threatened","Fish species, threatened","Plant species (higher), threatened","Mammal species, threatened",Distance to frontier score,Business extent of disclosure index,Ease of doing business index,Depth of credit information index,Private credit bureau coverage (% of adults),Public credit registry coverage (% of adults),Time required to get electricity (days),Time to resolve insolvency (years),Strength of legal rights index,Time required to enforce a contract (days),Time required to register property (days),Procedures to register property (number),Cost of business start-up procedures (%),Time required to start a business (days),Start-up procedures to register a business (number),Time to prepare and pay taxes (hours),Tax payments (number),Total tax rate (% of commercial profits),Time required to build a warehouse (days),Procedures to build a warehouse (number),Proportion of seats held by women in parliaments (%),Number of infant deaths,Number of under-five deaths,Number of neonatal deaths,"Mortality rate, under-5(per 1,000)","Mortality rate, under-5, female(per 1,000)","Mortality rate, under-5, male(per 1,000)","Mortality rate, neonatal(per 1,000)","Improved water source, rural (%)","Improved water source, urban (%)",Improved water source (%),Number of maternal deaths,Lifetime risk of maternal death,Lifetime risk of maternal death (%),Improved sanitation facilities (%),"Improved sanitation facilities, rural (%)","Improved sanitation facilities, urban (%)","Maternal mortality ratio(per 100,000)","Mortality rate, infant, female(per 1,000)","Mortality rate, infant(per 1,000)","Mortality rate, infant, male(per 1,000)"
0,Switzerland,Western Europe,1,7.587000000000001,0.03411,1.3965100000000001,1.34951,0.9414299999999999,0.66557,0.41978000000000004,0.29678000000000004,2.5173799999999997,6.0,9.0,10.0,2.0,76.04,0.0,26.0,6.0,26.1,0.0,39.0,3.0,6.0,390.0,16.0,4.0,2.0,10.0,6.0,63.0,19.0,28.8,156.0,13.0,30.5,291.0,334.0,231.0,3.9,3.6,4.3,2.7,100.0,100.0,100.0,4.0,12400.0,0.00804657373270495,99.9,99.8,99.9,5.0,3.1,3.4,3.6
1,Iceland,Western Europe,2,7.561,0.048839999999999995,1.3023200000000001,1.4022299999999999,0.94784,0.6287699999999999,0.14145,0.4363,2.70201,4.0,16.0,0.0,6.0,78.93,7.0,19.0,7.0,100.0,0.0,22.0,1.0,5.0,417.0,3.5,3.0,2.2,4.0,5.0,140.0,21.0,29.6,84.0,17.0,41.2698412698413,7.0,9.0,4.0,2.0,1.8,2.2,0.9,100.0,100.0,100.0,0.0,14600.0,0.00686636619335339,98.8,100.0,98.7,3.0,1.4,1.6,1.7
2,Denmark,Western Europe,3,7.527,0.033280000000000004,1.32548,1.36058,0.87464,0.6493800000000001,0.48357,0.34139,2.4920400000000003,7.0,18.0,4.0,2.0,84.4,7.0,3.0,6.0,7.7,0.0,38.0,1.0,8.0,410.0,4.0,3.0,0.2,3.0,4.0,130.0,10.0,24.5,64.0,7.0,37.9888268156425,150.0,187.0,129.0,3.5,3.2,3.9,2.5,100.0,100.0,100.0,4.0,9500.0,0.0105353605844449,99.6,99.6,99.6,6.0,2.6,2.9,3.2
3,Norway,Western Europe,4,7.522,0.0388,1.459,1.33095,0.88521,0.66973,0.36503,0.34699,2.4653099999999997,7.0,23.0,14.0,7.0,81.61,7.0,9.0,6.0,100.0,0.0,66.0,0.9,5.0,280.0,3.0,1.0,0.9,4.0,4.0,83.0,4.0,39.5,110.5,11.0,39.644970414201204,122.0,160.0,91.0,2.6,2.3,2.9,1.5,100.0,100.0,100.0,3.0,11500.0,0.0086991588829894,98.1,98.3,98.0,5.0,1.8,2.0,2.2
4,Canada,North America,5,7.4270000000000005,0.03553,1.32629,1.32261,0.9056299999999999,0.63297,0.32957,0.45811,2.4517599999999997,15.0,42.0,11.0,11.0,80.07,8.0,14.0,8.0,100.0,0.0,137.0,0.8,9.0,570.0,16.5,6.0,0.4,1.5,2.0,131.0,8.0,21.1,249.0,12.0,25.3289473684211,1587.0,1824.0,1181.0,4.9,4.5,5.3,3.2,99.0,100.0,99.8,27.0,8800.0,0.0113285425503039,99.8,99.0,100.0,7.0,4.0,4.3,4.7
5,Finland,Western Europe,6,7.406000000000001,0.0314,1.29025,1.31826,0.8891100000000001,0.64169,0.41372,0.23351,2.61955,9.0,6.0,8.0,1.0,81.05,6.0,10.0,6.0,20.5,0.0,42.0,0.9,7.0,375.0,32.0,3.0,1.0,14.0,3.0,93.0,8.0,37.9,64.0,15.0,41.5,110.0,134.0,75.0,2.3,2.1,2.6,1.3,100.0,100.0,100.0,2.0,21700.0,0.00460834695130561,97.6,88.0,99.4,3.0,1.7,1.9,2.1
6,Netherlands,Western Europe,7,7.377999999999999,0.027989999999999998,1.32944,1.28017,0.89284,0.6157600000000001,0.31814000000000003,0.4761,2.4657,8.0,15.0,3.0,3.0,75.94,4.0,28.0,7.0,78.2,0.0,110.0,1.1,3.0,514.0,2.5,5.0,4.6,4.0,4.0,123.0,9.0,41.0,161.0,13.0,37.3333333333333,576.0,682.0,432.0,3.8,3.4,4.2,2.4,100.0,100.0,100.0,12.0,8700.0,0.0115154643304214,97.7,99.9,97.5,7.0,2.9,3.2,3.5
7,Sweden,Western Europe,8,7.364,0.03157,1.33171,1.2890700000000002,0.9108700000000001,0.6598,0.43843999999999994,0.36262,2.3711900000000004,8.0,15.0,14.0,1.0,81.72,8.0,8.0,5.0,100.0,0.0,52.0,2.0,6.0,321.0,14.0,1.0,0.5,7.0,3.0,122.0,6.0,49.1,116.0,7.0,43.5530085959885,271.0,343.0,181.0,3.0,2.7,3.3,1.6,100.0,100.0,100.0,5.0,12900.0,0.00776987452106635,99.3,99.6,99.3,4.0,2.2,2.4,2.6
8,New Zealand,Australia and New Zealand,9,7.2860000000000005,0.033710000000000004,1.2501799999999998,1.3196700000000001,0.9083700000000001,0.6393800000000001,0.42922,0.47501000000000004,2.26425,67.0,35.0,23.0,9.0,86.79,10.0,2.0,8.0,100.0,0.0,58.0,1.3,12.0,216.0,1.0,2.0,0.3,0.5,1.0,152.0,8.0,34.3,93.0,10.0,31.404958677686,280.0,342.0,184.0,5.7,5.1,6.2,3.1,100.0,100.0,100.0,7.0,4500.0,0.021991303420586004,,,,11.0,4.2,4.7,5.2
9,Australia,Australia and New Zealand,10,7.284,0.04083,1.33358,1.30923,0.93156,0.6512399999999999,0.35636999999999996,0.43562,2.26646,50.0,111.0,92.0,56.0,80.08,8.0,13.0,7.0,100.0,0.0,75.0,1.0,11.0,395.0,4.5,5.0,0.7,2.5,3.0,105.0,11.0,47.6,112.0,10.0,26.6666666666667,896.0,1146.0,657.0,3.8,3.4,4.1,2.2,100.0,100.0,100.0,19.0,8700.0,0.0115212046791266,100.0,100.0,100.0,6.0,2.7,3.0,3.3
10,Israel,Middle East and Northern Africa,11,7.278,0.0347,1.2285700000000002,1.22393,0.9138700000000001,0.41318999999999995,0.07785,0.33171999999999996,3.08854,17.0,42.0,0.0,14.0,70.56,7.0,53.0,7.0,67.5,0.0,102.0,2.0,6.0,975.0,81.0,6.0,3.4,13.0,5.0,235.0,33.0,30.6,209.0,15.0,24.1666666666667,561.0,693.0,368.0,4.0,3.7,4.3,2.1,100.0,100.0,100.0,9.0,6200.0,0.0161864734690459,100.0,100.0,100.0,5.0,3.0,3.2,3.4
11,Costa Rica,Latin America and Caribbean,12,7.226,0.044539999999999996,0.95578,1.2378799999999999,0.8602700000000001,0.63376,0.10583,0.25497,3.17728,23.0,57.0,132.0,10.0,68.55,2.0,58.0,7.0,100.0,27.5,45.0,3.0,10.0,852.0,19.0,5.0,11.1,24.0,9.0,151.0,9.0,58.0,118.0,15.0,33.3333333333333,577.0,663.0,421.0,9.7,8.7,10.6,6.2,91.9,99.6,97.8,18.0,2100.0,0.0476442590364388,94.5,92.3,95.2,25.0,7.6,8.5,9.3
12,Austria,Western Europe,13,7.2,0.03751,1.33723,1.29704,0.8904200000000001,0.62433,0.18675999999999998,0.33088,2.5332,12.0,11.0,21.0,3.0,78.38,5.0,21.0,7.0,52.8,2.2,23.0,1.1,5.0,397.0,20.5,3.0,0.3,22.0,8.0,166.0,12.0,51.7,223.0,11.0,30.60109289617489,239.0,288.0,173.0,3.5,3.2,3.9,2.1,100.0,100.0,100.0,3.0,18200.0,0.0054918176351993605,100.0,100.0,100.0,4.0,2.6,2.9,3.1
13,Mexico,Latin America and Caribbean,14,7.187,0.041760000000000005,1.02054,0.91451,0.8144399999999999,0.48181,0.21311999999999998,0.14074,3.6021400000000003,61.0,179.0,382.0,101.0,73.72,8.0,38.0,8.0,100.0,0.0,78.9,1.8,10.0,389.0,63.7,6.8,17.9,6.3,6.0,286.0,6.0,51.7,86.4,10.5,38.0,26820.0,31278.0,16596.0,13.2,11.9,14.4,7.0,92.1,97.2,96.1,890.0,1100.0,0.0888611041768879,85.2,74.5,88.0,38.0,10.2,11.3,12.4
14,United States,North America,15,7.119,0.03839,1.3945100000000001,1.24711,0.86179,0.54604,0.1589,0.40105,2.51011,77.0,247.0,379.0,35.0,82.15,7.4,7.0,8.0,100.0,0.0,89.6,1.5,11.0,420.0,15.2,4.4,1.1,5.6,6.0,175.0,10.6,43.9,80.6,15.8,19.399538106235603,21321.0,24923.0,13699.0,6.5,5.9,7.1,3.6,98.2,99.4,99.2,550.0,3800.0,0.0261155611660945,100.0,100.0,100.0,14.0,5.0,5.6,6.1
15,Brazil,Latin America and Caribbean,16,6.983,0.040760000000000005,0.98124,1.2328700000000001,0.69702,0.49049,0.17521,0.14574,3.26001,165.0,85.0,516.0,82.0,57.67,5.0,116.0,7.0,79.0,55.1,43.6,4.0,2.0,731.0,31.7,13.6,3.8,83.0,11.0,2600.0,9.6,69.2,425.7,18.2,9.94152046783626,46995.0,52415.0,28604.0,16.4,14.9,17.7,8.9,87.0,100.0,98.1,1300.0,1200.0,0.080088381024304,82.8,51.5,88.0,44.0,13.3,14.6,15.8
16,Luxembourg,Western Europe,17,6.946000000000001,0.03499,1.5639100000000001,1.21963,0.91894,0.61583,0.37798000000000004,0.28034000000000003,1.9696099999999999,3.0,1.0,0.0,0.0,68.31,6.0,61.0,0.0,0.0,0.0,56.0,2.0,3.0,321.0,26.5,7.0,2.0,18.5,6.0,55.0,23.0,20.1,157.0,11.0,28.3333333333333,10.0,13.0,6.0,1.9,1.7,2.0,0.9,100.0,100.0,100.0,1.0,6500.0,0.0154797646652159,97.6,98.5,97.5,10.0,1.3,1.5,1.6
17,Ireland,Western Europe,18,6.94,0.03676,1.33596,1.36948,0.89533,0.6177699999999999,0.28703,0.45901000000000003,1.9757,7.0,27.0,3.0,5.0,79.15,9.0,17.0,7.0,100.0,0.0,85.0,0.4,7.0,650.0,31.5,5.0,0.2,6.0,4.0,82.0,9.0,25.9,149.5,10.0,16.2650602409639,201.0,244.0,154.0,3.6,3.3,3.9,2.3,97.8,97.9,97.9,5.0,6100.0,0.0163693376739088,90.5,92.9,89.1,8.0,2.7,3.0,3.3
18,Belgium,Western Europe,19,6.937,0.03595,1.30782,1.28566,0.8966700000000001,0.5845,0.2254,0.2225,2.4148400000000003,8.0,13.0,1.0,2.0,72.5,8.0,43.0,5.0,0.0,96.3,88.0,0.9,4.0,505.0,56.0,8.0,4.8,4.0,3.0,161.0,11.0,58.4,212.0,10.0,39.3333333333333,417.0,522.0,278.0,4.1,3.7,4.6,2.2,100.0,100.0,100.0,9.0,8000.0,0.0125656689169982,99.5,99.4,99.5,7.0,2.9,3.3,3.6
19,United Arab Emirates,Middle East and Northern Africa,20,6.901,0.03729,1.42727,1.12575,0.80925,0.64157,0.38583,0.26428,2.24743,12.0,14.0,0.0,7.0,75.1,10.0,31.0,7.0,38.4,7.7,32.0,3.2,2.0,495.0,1.5,2.0,6.2,8.0,6.0,12.0,4.0,15.9,43.5,8.0,17.5,571.0,661.0,339.0,6.8,6.1,7.5,3.5,100.0,99.6,99.6,6.0,7900.0,0.0126547581642024,97.6,95.2,98.0,6.0,5.2,5.9,6.4
20,United Kingdom,Western Europe,21,6.867000000000001,0.01866,1.26637,1.28548,0.90943,0.59625,0.32066999999999996,0.51912,1.9699400000000002,8.0,47.0,22.0,5.0,82.46,10.0,6.0,8.0,100.0,0.0,79.0,1.0,7.0,437.0,21.5,6.0,0.1,4.5,4.0,110.0,8.0,32.0,105.0,9.0,29.384615384615397,2655.0,3235.0,1820.0,4.2,3.8,4.7,2.4,100.0,100.0,100.0,74.0,5800.0,0.0173432025961854,99.2,99.6,99.1,9.0,3.2,3.5,3.9
21,Oman,Middle East and Northern Africa,22,6.853,0.05335,1.36011,1.08182,0.76276,0.63274,0.32524000000000003,0.21541999999999997,2.4748900000000003,13.0,27.0,6.0,9.0,65.4,8.0,70.0,6.0,0.0,23.3,62.0,4.0,1.0,598.0,16.0,2.0,3.2,7.0,5.0,68.0,14.0,22.9,157.0,12.0,1.19047619047619,804.0,935.0,422.0,11.6,10.4,12.6,5.2,86.1,95.5,93.4,14.0,1900.0,0.0539385413233686,96.7,94.7,97.3,17.0,8.9,9.9,10.9
22,Singapore,Southeastern Asia,24,6.797999999999999,0.0378,1.52186,1.02,1.02525,0.54252,0.4921,0.31105,1.8850099999999999,17.0,26.0,58.0,12.0,87.34,10.0,1.0,7.0,58.6,0.0,31.0,0.8,8.0,150.0,4.5,4.0,0.6,2.5,3.0,83.5,6.0,18.4,26.0,10.0,25.252525252525306,112.0,145.0,53.0,2.7,2.5,2.9,1.0,,100.0,100.0,5.0,8200.0,0.0121255580081734,100.0,,100.0,10.0,1.9,2.1,2.3
23,Panama,Latin America and Caribbean,25,6.7860000000000005,0.0491,1.0635299999999999,1.1985,0.79661,0.5421,0.0927,0.24434,2.84848,22.0,53.0,203.0,16.0,65.74,4.0,69.0,8.0,60.7,0.0,35.0,2.5,7.0,686.0,22.5,7.0,6.3,6.0,5.0,417.0,52.0,37.2,98.0,16.0,19.2982456140351,1097.0,1277.0,721.0,17.0,15.1,18.8,9.6,88.6,97.7,94.7,71.0,420.0,0.23953016807510305,75.0,58.0,83.5,94.0,12.9,14.6,16.2
24,Germany,Western Europe,26,6.75,0.01848,1.32792,1.2993700000000001,0.89186,0.6147699999999999,0.21843,0.28214,2.1156900000000003,11.0,24.0,24.0,4.0,79.87,5.0,15.0,8.0,100.0,1.6,28.0,1.2,6.0,429.0,39.0,5.0,1.8,10.5,9.0,218.0,9.0,48.8,96.0,8.0,36.4500792393027,2140.0,2545.0,1449.0,3.7,3.4,4.1,2.1,100.0,100.0,100.0,42.0,11700.0,0.00852045989664896,99.2,99.0,99.3,6.0,2.8,3.1,3.4
25,Chile,Latin America and Caribbean,27,6.67,0.057999999999999996,1.10715,1.12447,0.85857,0.44132,0.12869,0.33363000000000004,2.67585,33.0,23.0,72.0,20.0,71.49,8.0,48.0,6.0,11.2,45.1,30.0,3.2,4.0,480.0,28.5,6.0,0.7,5.5,7.0,291.0,7.0,28.9,152.0,13.0,15.833333333333302,1636.0,1896.0,1144.0,8.1,7.4,8.7,4.9,93.3,99.7,99.0,52.0,2600.0,0.0391481199687158,99.1,90.9,100.0,22.0,6.4,7.0,7.6
26,Qatar,Middle East and Northern Africa,28,6.611000000000001,0.06257,1.69042,1.0786,0.79733,0.6404,0.52208,0.32573,1.55674,8.0,12.0,0.0,2.0,65.97,5.0,68.0,5.0,0.0,26.5,90.0,2.8,1.0,570.0,13.0,7.0,5.1,8.5,8.0,41.0,4.0,11.3,57.0,15.0,0.0,195.0,226.0,109.0,8.0,7.3,8.7,3.8,100.0,100.0,100.0,3.0,3500.0,0.028673656702082995,98.0,98.0,98.0,13.0,6.2,6.8,7.4
27,France,Western Europe,29,6.575,0.03512,1.27778,1.2603799999999998,0.9457899999999999,0.55011,0.20646,0.12332,2.21126,13.0,52.0,41.0,8.0,75.96,9.0,27.0,6.0,0.0,45.1,71.0,1.9,4.0,395.0,49.0,8.0,0.8,4.0,5.0,137.0,8.0,62.7,183.0,9.0,26.1698440207972,2747.0,3378.0,1726.0,4.3,3.9,4.8,2.2,100.0,100.0,100.0,66.0,6100.0,0.0165042242125008,98.7,98.9,98.6,8.0,3.2,3.5,3.9
28,Argentina,Latin America and Caribbean,30,6.574,0.04612,1.05351,1.24823,0.78723,0.44974,0.08484,0.11450999999999999,2.8360000000000003,50.0,39.0,70.0,40.0,56.78,7.0,121.0,8.0,100.0,42.6,92.0,2.8,2.0,590.0,51.5,7.0,9.7,25.0,14.0,405.0,9.0,137.4,341.0,21.0,36.1867704280156,8464.0,9513.0,4797.0,12.5,11.3,13.7,6.3,100.0,99.0,99.1,390.0,790.0,0.126378673709558,96.4,98.3,96.2,52.0,10.0,11.1,12.2
29,Czech Republic,Central and Eastern Europe,31,6.505,0.04168,1.17898,1.20643,0.84483,0.46363999999999994,0.02652,0.10686,2.67782,10.0,2.0,15.0,2.0,73.95,2.0,36.0,7.0,78.7,6.7,110.0,2.1,7.0,611.0,31.0,4.0,6.7,15.0,8.0,405.0,8.0,50.4,247.0,21.0,20.0,262.0,328.0,168.0,3.4,3.0,3.8,1.8,100.0,100.0,100.0,5.0,14800.0,0.00676675301678951,99.1,99.2,99.1,4.0,2.5,2.8,3.1
30,Uruguay,Latin America and Caribbean,32,6.485,0.04539,1.06166,1.2089,0.8116,0.6036199999999999,0.24558000000000002,0.2324,2.3214200000000003,22.0,40.0,22.0,10.0,61.21,3.0,92.0,8.0,100.0,84.1,48.0,1.8,4.0,725.0,66.0,8.0,22.0,6.5,5.0,277.0,31.0,41.8,251.0,21.0,16.161616161616198,419.0,487.0,246.0,10.1,9.1,11.1,5.1,93.9,100.0,99.7,7.0,3300.0,0.0302409612742895,96.4,92.6,96.6,15.0,7.8,8.7,9.5
31,Colombia,Latin America and Caribbean,33,6.477,0.05051,0.91861,1.2401799999999998,0.69077,0.53466,0.0512,0.18400999999999998,2.85737,119.0,61.0,245.0,56.0,70.43,9.0,54.0,7.0,88.7,0.0,102.0,1.7,12.0,1288.0,16.0,6.0,7.5,11.0,8.0,239.0,11.0,69.7,73.0,10.0,19.8795180722892,10183.0,11934.0,6356.0,15.9,14.0,17.6,8.5,73.8,96.8,91.4,480.0,800.0,0.125686759130017,81.1,67.9,85.2,64.0,12.0,13.6,15.2
32,Thailand,Southeastern Asia,34,6.455,0.03557,0.9669,1.26504,0.7385,0.5566399999999999,0.031869999999999996,0.5763,2.31945,51.0,99.0,150.0,54.0,71.42,10.0,49.0,6.0,60.2,0.0,37.0,2.7,3.0,440.0,3.0,3.0,6.4,27.5,6.0,264.0,22.0,27.5,103.0,17.0,6.09137055837564,7778.0,9173.0,4958.0,12.3,10.7,13.8,6.7,98.0,97.6,97.8,140.0,3600.0,0.0281182142560191,93.0,96.1,89.9,20.0,9.1,10.5,11.9
33,Saudi Arabia,Middle East and Northern Africa,35,6.4110000000000005,0.04633,1.39541,1.0839299999999998,0.72025,0.31048000000000003,0.32524000000000003,0.13706,2.43872,18.0,31.0,3.0,9.0,63.17,8.0,82.0,8.0,47.4,0.0,61.0,,2.0,575.0,6.0,3.0,4.1,19.0,12.0,64.0,3.0,15.0,106.0,13.0,19.8675496688742,7708.0,9002.0,4866.0,14.5,13.6,15.5,7.9,97.0,97.0,97.0,72.0,3100.0,0.0325686193213649,100.0,100.0,100.0,12.0,11.6,12.5,13.4
34,Spain,Western Europe,36,6.329,0.03468,1.23011,1.31379,0.95562,0.45951000000000003,0.06398,0.18227000000000002,2.12367,15.0,77.0,219.0,16.0,74.86,5.0,33.0,7.0,14.1,49.8,107.0,1.5,5.0,510.0,12.5,5.0,5.2,14.0,7.0,158.0,9.0,50.0,205.0,13.0,41.1428571428571,1299.0,1566.0,1039.0,4.1,3.8,4.4,2.8,100.0,100.0,100.0,21.0,14700.0,0.00681134399665327,99.9,100.0,99.8,5.0,3.2,3.5,3.8
35,Malta,Western Europe,37,6.3020000000000005,0.04206,1.2074,1.30203,0.88721,0.60365,0.13585999999999998,0.51752,1.6488,5.0,22.0,4.0,2.0,63.7,3.0,80.0,0.0,0.0,0.0,121.0,3.0,2.0,505.0,15.0,7.0,10.7,28.0,10.0,139.0,7.0,41.3,167.0,15.0,12.857142857142902,19.0,24.0,16.0,6.4,5.9,6.9,4.4,100.0,100.0,100.0,0.0,8300.0,0.0120735701846286,100.0,100.0,100.0,9.0,4.7,5.1,5.5
36,Kuwait,Middle East and Northern Africa,39,6.295,0.04456,1.5542200000000002,1.16594,0.72492,0.55499,0.25609,0.16228,1.8763400000000001,11.0,12.0,0.0,5.0,60.17,4.0,101.0,6.0,34.2,15.3,64.0,4.2,2.0,566.0,49.0,8.0,2.3,31.0,12.0,98.0,12.0,13.0,216.0,22.0,1.53846153846154,507.0,598.0,222.0,8.6,7.9,9.2,3.2,99.0,99.0,99.0,3.0,10300.0,0.00969638391141188,100.0,100.0,100.0,4.0,6.8,7.3,7.8
37,Suriname,Latin America and Caribbean,40,6.269,0.09811,0.99534,0.972,0.6082,0.5965699999999999,0.13633,0.16990999999999998,2.79094,9.0,29.0,26.0,9.0,47.69,1.0,156.0,0.0,0.0,0.0,113.0,5.0,2.0,1715.0,106.0,6.0,100.7,84.0,13.0,199.0,30.0,27.9,223.0,10.0,,186.0,209.0,112.0,21.3,18.7,23.8,11.5,88.4,98.1,94.8,15.0,270.0,0.37163675578962696,79.2,61.4,88.4,155.0,16.6,19.0,21.3
38,Trinidad and Tobago,Latin America and Caribbean,41,6.167999999999999,0.10895,1.21183,1.18354,0.61483,0.55884,0.0114,0.31844,2.2688200000000003,5.0,35.0,2.0,2.0,62.58,4.0,88.0,6.0,69.6,0.0,61.0,2.5,7.0,1340.0,77.0,9.0,0.7,11.5,7.0,210.0,39.0,32.2,253.0,16.0,28.571428571428598,344.0,387.0,249.0,20.4,18.2,22.4,13.2,95.1,95.1,95.1,12.0,860.0,0.115839419309269,91.5,91.5,91.5,63.0,16.2,18.2,20.0
39,El Salvador,Latin America and Caribbean,42,6.13,0.056179999999999994,0.76454,1.0250700000000001,0.67737,0.4035,0.11775999999999999,0.10692,3.035,6.0,15.0,29.0,7.0,62.76,3.0,86.0,7.0,34.4,27.6,61.0,3.5,9.0,786.0,31.0,5.0,42.7,16.5,8.0,312.0,53.0,38.7,108.0,25.0,32.1428571428571,1509.0,1763.0,868.0,16.8,14.9,18.6,8.3,86.5,97.5,93.8,57.0,890.0,0.11175312001765801,75.0,60.0,82.4,54.0,12.8,14.4,16.0
40,Guatemala,Latin America and Caribbean,43,6.122999999999999,0.052239999999999995,0.74553,1.04356,0.64425,0.57733,0.09472,0.27489,2.74255,14.0,34.0,98.0,17.0,63.49,3.0,81.0,7.0,8.8,19.0,39.0,3.0,9.0,1402.0,24.0,6.0,25.0,18.5,6.0,256.0,8.0,37.5,158.0,11.0,13.2911392405063,10818.0,12858.0,5946.0,29.1,26.0,32.1,13.4,86.8,98.4,92.8,380.0,330.0,0.30632359364850703,63.9,49.3,77.5,88.0,21.5,24.3,27.0
41,Uzbekistan,Central and Eastern Europe,44,6.002999999999999,0.04361,0.63244,1.34043,0.59772,0.6582100000000001,0.30826,0.22837,2.2374099999999997,20.0,7.0,17.0,9.0,62.6,7.0,87.0,7.0,19.4,0.0,89.0,2.0,6.0,225.0,46.0,9.0,3.4,6.5,5.0,192.5,33.0,41.1,176.0,23.0,16.0,22771.0,26205.0,13652.0,39.1,33.9,44.1,20.4,,98.5,,240.0,1000.0,0.0994769853067875,100.0,100.0,100.0,36.0,29.2,33.9,38.4
42,Japan,Eastern Asia,46,5.987,0.03581,1.27074,1.25712,0.99111,0.49615,0.1806,0.10705,1.68435,42.0,74.0,24.0,27.0,74.72,7.0,34.0,6.0,100.0,0.0,97.7,0.6,4.0,360.0,13.0,6.0,7.5,10.2,8.0,330.0,14.0,51.3,197.0,12.0,9.47368421052632,2093.0,2834.0,941.0,2.7,2.5,2.9,0.9,100.0,100.0,100.0,56.0,13400.0,0.00748458839982738,100.0,100.0,100.0,5.0,1.9,2.0,2.1
43,Ecuador,Latin America and Caribbean,48,5.975,0.04528,0.8640200000000001,0.99903,0.79075,0.48573999999999995,0.1809,0.11540999999999998,2.5394200000000002,98.0,53.0,1848.0,46.0,57.47,2.0,117.0,8.0,52.9,0.0,74.0,5.3,1.0,588.0,38.0,7.0,22.0,50.5,12.0,654.0,8.0,33.0,114.0,15.0,41.605839416058394,6027.0,7079.0,3530.0,21.6,19.0,24.0,10.8,75.5,93.4,86.9,210.0,580.0,0.17197406815503002,84.7,80.7,87.0,64.0,16.0,18.4,20.7
44,Bahrain,Middle East and Northern Africa,49,5.96,0.05412,1.32376,1.21624,0.74716,0.45492,0.306,0.17362,1.73797,6.0,9.0,0.0,3.0,66.81,8.0,65.0,7.0,29.0,0.0,85.0,2.5,1.0,635.0,31.0,2.0,0.8,9.0,7.0,60.0,13.0,13.5,145.0,8.0,7.5,115.0,135.0,24.0,6.2,5.9,6.4,1.1,100.0,100.0,100.0,3.0,3000.0,0.0336879110838102,99.2,99.2,99.2,15.0,5.1,5.3,5.4
45,Italy,Western Europe,50,5.9479999999999995,0.03914,1.25114,1.19777,0.9544600000000001,0.26236,0.02901,0.22823000000000002,2.0251799999999998,14.0,51.0,74.0,7.0,72.07,7.0,45.0,7.0,100.0,27.3,124.0,1.8,2.0,1120.0,16.0,4.0,13.8,5.5,5.0,269.0,14.0,64.8,227.5,10.0,30.952380952381002,1378.0,1693.0,998.0,3.5,3.2,3.8,2.1,100.0,100.0,100.0,18.0,19700.0,0.00506532246229972,99.5,99.6,99.5,4.0,2.7,2.9,3.1
46,Bolivia,Latin America and Caribbean,51,5.89,0.056420000000000005,0.68133,0.97841,0.5392,0.57414,0.08800000000000001,0.20536,2.82334,55.0,0.0,99.0,21.0,47.47,1.0,157.0,7.0,43.2,15.0,42.0,1.8,0.0,591.0,91.0,7.0,57.9,50.0,15.0,1025.0,42.0,83.7,275.0,12.0,53.0769230769231,7504.0,9415.0,4823.0,38.4,34.7,41.9,19.6,75.6,96.7,90.0,520.0,160.0,0.643990641431459,50.3,27.5,60.8,206.0,27.3,30.6,33.8
47,Moldova,Central and Eastern Europe,52,5.888999999999999,0.037989999999999996,0.59448,1.01528,0.61826,0.32818,0.01615,0.20951,3.10712,12.0,8.0,2.0,4.0,70.97,7.0,52.0,6.0,10.8,0.0,113.0,2.8,8.0,585.0,5.5,5.0,4.3,4.0,4.0,186.0,21.0,40.2,276.0,27.0,21.7821782178218,587.0,687.0,513.0,15.8,14.0,17.6,11.9,81.4,96.9,88.4,10.0,3200.0,0.0314954259234527,76.4,67.1,87.8,23.0,12.0,13.6,15.2
48,Paraguay,Latin America and Caribbean,53,5.877999999999999,0.045630000000000004,0.75985,1.30477,0.66098,0.53899,0.08242000000000001,0.3424,2.18896,27.0,0.0,19.0,10.0,60.19,6.0,100.0,8.0,44.6,23.1,67.0,3.9,2.0,591.0,46.0,6.0,39.9,35.0,7.0,378.0,20.0,35.0,120.0,12.0,15.0,2366.0,2780.0,1471.0,20.5,18.3,22.5,10.9,94.9,100.0,98.0,190.0,270.0,0.368275060116238,88.6,78.4,95.5,132.0,15.6,17.5,19.2
49,Kazakhstan,Central and Eastern Europe,54,5.855,0.041139999999999996,1.1225399999999999,1.1224100000000001,0.64368,0.51649,0.08454,0.11827,2.24729,26.0,14.0,16.0,15.0,72.68,9.0,41.0,7.0,81.4,0.0,83.0,1.5,4.0,370.0,4.5,3.0,0.1,5.0,4.0,188.0,7.0,29.2,154.0,24.0,26.1682242990654,4935.0,5528.0,2744.0,14.1,12.0,16.1,7.0,85.6,99.4,92.9,45.0,3000.0,0.0336977912675616,97.5,98.1,97.0,12.0,10.7,12.6,14.5
50,Slovenia,Central and Eastern Europe,55,5.848,0.04251,1.18498,1.27385,0.8733700000000001,0.60855,0.03787,0.25328,1.6158299999999999,8.0,33.0,11.0,5.0,75.62,5.0,29.0,4.0,100.0,3.1,38.0,0.8,3.0,1160.0,49.5,5.0,0.0,6.0,2.0,245.0,10.0,31.0,224.5,12.0,36.6666666666667,46.0,57.0,31.0,2.6,2.3,2.8,1.4,99.4,99.7,99.5,2.0,7000.0,0.0142959166333991,99.1,99.1,99.1,9.0,2.0,2.1,2.3
51,Lithuania,Central and Eastern Europe,56,5.832999999999999,0.03843,1.14723,1.25745,0.73128,0.21341999999999997,0.01031,0.026410000000000003,2.4464900000000003,9.0,6.0,2.0,2.0,78.88,7.0,20.0,8.0,79.3,33.9,95.0,2.3,6.0,300.0,2.5,3.0,0.6,3.5,2.0,171.0,11.0,42.6,103.0,12.0,23.4042553191489,107.0,164.0,81.0,5.2,4.7,5.6,2.5,90.4,99.7,96.6,3.0,6300.0,0.0158638989890202,92.4,82.8,97.2,10.0,3.0,3.3,3.5
52,Nicaragua,Latin America and Caribbean,57,5.827999999999999,0.05371,0.59325,1.14184,0.7431399999999999,0.55475,0.19317,0.27815,2.32407,15.0,38.0,44.0,7.0,55.78,1.0,125.0,8.0,48.7,16.3,55.0,2.2,1.0,519.0,58.0,9.0,72.2,13.0,6.0,207.0,43.0,63.9,207.0,16.0,41.304347826086996,2251.0,2662.0,1170.0,22.1,19.5,24.5,9.8,69.4,99.3,87.0,180.0,270.0,0.370522098758063,67.9,55.7,76.5,150.0,16.6,18.8,20.9
53,Peru,Latin America and Caribbean,58,5.824,0.04615,0.9001899999999999,0.97459,0.73017,0.41496000000000005,0.05989,0.14982,2.5945,120.0,22.0,318.0,55.0,71.33,9.0,50.0,8.0,100.0,35.2,67.0,3.1,8.0,426.0,6.5,4.0,9.8,26.0,6.0,260.0,9.0,35.9,174.0,14.0,22.3076923076923,8164.0,10483.0,5104.0,16.9,15.2,18.4,8.2,69.2,91.4,86.7,420.0,570.0,0.174471819702448,76.2,53.2,82.5,68.0,11.8,13.1,14.4
54,Belarus,Central and Eastern Europe,59,5.813,0.03938,1.0319200000000002,1.23289,0.7360800000000001,0.37938,0.1909,0.11045999999999999,2.1309,9.0,2.0,1.0,3.0,72.33,7.0,44.0,6.0,0.0,66.9,112.0,3.0,2.0,275.0,3.0,2.0,0.9,3.0,3.0,176.0,7.0,51.8,115.0,16.0,27.2727272727273,428.0,567.0,239.0,4.6,3.9,5.1,1.9,99.1,99.9,99.7,5.0,13800.0,0.007220806155099679,94.3,95.2,94.1,4.0,2.9,3.4,3.8
55,Poland,Central and Eastern Europe,60,5.791,0.04263,1.12555,1.27948,0.77903,0.53122,0.04212,0.16759000000000002,1.86565,11.0,8.0,13.0,4.0,76.45,7.0,25.0,8.0,91.0,0.0,133.0,3.0,7.0,685.0,33.0,6.0,12.2,30.0,4.0,271.0,7.0,40.3,156.0,16.0,24.1304347826087,1629.0,1917.0,1122.0,5.2,4.7,5.6,3.1,96.9,99.3,98.3,12.0,22100.0,0.004522391599816111,97.2,96.7,97.5,3.0,4.1,4.5,4.8
56,Malaysia,Southeastern Asia,61,5.77,0.0433,1.12486,1.07023,0.7239399999999999,0.5302399999999999,0.10500999999999999,0.33075,1.8854099999999998,50.0,75.0,721.0,70.0,79.13,10.0,18.0,7.0,77.1,57.0,32.0,1.0,7.0,425.0,13.0,8.0,6.7,4.0,3.0,118.0,13.0,40.0,79.0,15.0,10.360360360360401,3308.0,3793.0,2149.0,7.0,6.3,7.7,3.9,93.0,100.0,98.2,200.0,1200.0,0.0815062696640714,96.0,95.9,96.1,40.0,5.3,6.0,6.6
57,Croatia,Central and Eastern Europe,62,5.7589999999999995,0.04394,1.08254,0.79624,0.78805,0.25883,0.0243,0.054439999999999995,2.75414,15.0,63.0,9.0,8.0,72.71,3.0,40.0,6.0,100.0,0.0,70.0,3.1,5.0,572.0,62.0,5.0,3.3,12.0,7.0,206.0,19.0,20.0,128.0,19.0,25.8278145695364,135.0,165.0,98.0,4.3,3.9,4.7,2.6,99.7,99.6,99.6,3.0,7900.0,0.0127185363362245,97.0,95.8,97.8,8.0,3.3,3.6,3.9
58,Libya,Middle East and Northern Africa,63,5.754,0.07832,1.13145,1.1186200000000002,0.7038,0.41668,0.11023,0.18295,2.0906599999999997,6.0,32.0,3.0,11.0,31.77,1.0,188.0,0.0,0.0,0.5,118.0,,0.0,690.0,,,26.9,35.0,10.0,889.0,19.0,32.8,,,15.9574468085106,1418.0,1684.0,894.0,13.4,12.0,14.7,7.2,,,,12.0,4200.0,0.0240762905181788,96.6,95.7,96.8,9.0,10.2,11.4,12.7
59,Jamaica,Latin America and Caribbean,65,5.709,0.13693,0.81038,1.1510200000000002,0.6874100000000001,0.50442,0.02299,0.2123,2.32038,10.0,30.0,214.0,6.0,67.27,4.0,64.0,7.0,22.4,0.0,95.0,1.1,10.0,655.0,18.0,8.0,5.0,3.0,2.0,358.0,37.0,35.2,129.5,17.0,12.6984126984127,539.0,631.0,464.0,15.7,13.7,17.6,11.6,89.4,97.5,93.8,43.0,520.0,0.193707566750657,81.8,84.1,79.9,89.0,11.8,13.5,15.2
60,Cyprus,Western Europe,67,5.689,0.0558,1.20813,0.89318,0.92356,0.40671999999999997,0.06146,0.30638000000000004,1.8893099999999998,7.0,24.0,18.0,5.0,71.78,8.0,47.0,6.0,67.3,0.0,137.0,1.5,7.0,1100.0,9.0,7.0,12.2,8.0,6.0,145.5,27.0,24.4,617.0,8.0,12.5,32.0,35.0,19.0,2.7,2.5,3.0,1.5,100.0,100.0,100.0,1.0,9400.0,0.0106710874824411,100.0,100.0,100.0,7.0,2.3,2.5,2.7
61,Algeria,Middle East and Northern Africa,68,5.605,0.05099,0.93929,1.07772,0.61766,0.28579,0.17382999999999998,0.07822,2.43209,14.0,40.0,18.0,13.0,45.72,4.0,163.0,0.0,0.0,1.9,180.0,1.3,2.0,630.0,55.0,10.0,10.9,20.0,12.0,385.0,27.0,72.7,204.0,17.0,31.6017316017316,20899.0,24269.0,14773.0,25.5,24.0,26.8,15.5,81.8,84.3,83.6,1300.0,240.0,0.419341330359853,87.6,82.2,89.8,140.0,20.5,21.9,23.2
62,Kosovo,Central and Eastern Europe,69,5.5889999999999995,0.05018,0.80148,0.81198,0.63132,0.24749000000000002,0.04741,0.2831,2.76579,,,,,66.22,6.0,66.0,6.0,0.0,95.2,46.0,2.0,8.0,330.0,27.0,6.0,1.1,11.0,5.0,155.0,32.0,15.2,152.0,15.0,,,,,,,,,,,,,,,,,,,,,
63,Turkmenistan,Central and Eastern Europe,70,5.547999999999999,0.04175,0.95847,1.22668,0.53886,0.4761,0.30844,0.16979,1.8698400000000002,20.0,11.0,4.0,8.0,,,,,,,,,,,,,,,,,,,,,25.8064516129032,5024.0,5868.0,2581.0,51.4,43.9,58.5,22.6,,,,47.0,940.0,0.10589831047025,,,,42.0,36.8,43.7,50.3
64,Mauritius,Sub-Saharan Africa,71,5.477,0.07197,1.0076100000000001,0.98521,0.7095,0.56066,0.07521,0.37744,1.76145,9.0,18.0,90.0,7.0,75.05,6.0,32.0,7.0,0.0,82.6,81.0,1.7,6.0,519.0,14.0,4.0,2.0,6.0,5.0,152.0,8.0,22.4,156.0,15.0,11.594202898550696,167.0,192.0,119.0,13.5,12.0,15.0,8.4,99.8,99.9,99.9,7.0,1300.0,0.0778929624701718,93.1,92.6,93.9,53.0,10.4,11.8,13.2
65,Estonia,Central and Eastern Europe,73,5.428999999999999,0.04013,1.15174,1.22791,0.77361,0.44888,0.15184,0.0868,1.58782,8.0,5.0,2.0,1.0,79.49,8.0,16.0,7.0,34.7,0.0,91.0,3.0,7.0,425.0,17.5,3.0,1.3,3.5,3.0,81.0,8.0,49.4,102.0,10.0,23.7623762376238,28.0,37.0,18.0,2.9,2.6,3.2,1.5,99.0,100.0,99.6,1.0,6300.0,0.0158012739204395,97.2,96.6,97.5,9.0,2.1,2.3,2.6
66,Indonesia,Southeastern Asia,74,5.399,0.025960000000000004,0.8282700000000001,1.0870799999999998,0.63793,0.46611,0.0,0.51535,1.86399,131.0,150.0,426.0,185.0,58.12,10.0,109.0,6.0,0.0,48.5,79.0,1.9,5.0,471.0,27.4,5.0,19.9,47.8,13.0,234.0,54.0,29.7,210.2,17.0,17.1171171171171,125168.0,147162.0,73921.0,27.2,23.9,30.3,13.5,79.5,94.2,87.4,6400.0,320.0,0.314212197628261,60.8,47.5,72.3,126.0,19.9,22.8,25.6
67,Vietnam,Southeastern Asia,75,5.36,0.03107,0.63216,0.9122600000000001,0.7467600000000001,0.59444,0.10440999999999999,0.1686,2.20173,46.0,76.0,199.0,54.0,62.1,7.0,90.0,7.0,6.9,41.5,59.0,5.0,7.0,400.0,57.5,5.0,4.9,20.0,10.0,770.0,30.0,39.4,166.0,10.0,24.297188755020102,27243.0,34191.0,17927.0,21.7,18.7,24.6,11.4,96.9,99.1,97.6,860.0,870.0,0.11447392276009301,78.0,69.7,94.4,54.0,15.0,17.3,19.6
68,Turkey,Middle East and Northern Africa,76,5.332000000000001,0.03864,1.06098,0.94632,0.73172,0.22815,0.15746,0.12253,2.08528,20.0,131.0,104.0,16.0,69.16,9.0,55.0,7.0,0.0,74.9,63.0,4.5,3.0,580.0,7.0,7.0,16.6,7.5,8.0,226.0,11.0,40.9,103.0,18.0,14.416058394160599,16325.0,18936.0,9980.0,13.5,12.4,14.6,7.1,100.0,100.0,100.0,210.0,3000.0,0.0337378993915986,94.9,85.5,98.3,16.0,10.6,11.6,12.5
69,Nigeria,Sub-Saharan Africa,78,5.268,0.04192,0.65435,0.9043200000000001,0.16007000000000002,0.34334000000000003,0.0403,0.27233,2.89319,21.0,71.0,198.0,29.0,44.69,7.0,169.0,6.0,6.7,0.1,181.2,2.0,6.0,509.8,69.6,12.1,31.7,30.8,8.7,907.9,59.0,33.3,106.3,16.1,5.55555555555556,484368.0,750111.0,240106.0,108.8,102.3,114.9,34.3,57.3,80.8,68.5,58000.0,22.0,4.50885329432898,29.0,25.4,32.8,814.0,62.9,69.4,75.7
70,Bhutan,Southern Asia,79,5.252999999999999,0.03225,0.77042,1.10395,0.57407,0.5320600000000001,0.15445,0.47998,1.63794,20.0,3.0,18.0,26.0,65.21,4.0,71.0,6.0,23.2,0.0,61.0,,4.0,225.0,77.0,3.0,4.0,15.0,8.0,85.0,18.0,35.3,151.0,21.0,8.51063829787234,335.0,414.0,226.0,32.9,29.5,36.2,18.3,100.0,100.0,100.0,20.0,310.0,0.32489297363381603,50.4,33.1,77.9,148.0,24.3,27.2,30.0
71,Azerbaijan,Central and Eastern Europe,80,5.212000000000001,0.03363,1.02389,0.9379299999999999,0.64045,0.3703,0.16065,0.07799,2.00073,18.0,12.0,42.0,6.0,67.8,10.0,63.0,6.0,0.0,33.6,87.0,1.5,2.0,277.0,8.5,3.0,1.2,3.0,2.0,195.0,7.0,39.8,203.0,18.0,15.5737704918033,6519.0,7206.0,4267.0,31.7,29.0,34.2,18.2,77.8,94.7,87.0,48.0,1600.0,0.0624985171781498,89.3,86.6,91.6,25.0,25.8,27.9,29.8
72,Pakistan,Southern Asia,81,5.194,0.03726,0.59543,0.41411000000000003,0.51466,0.12102,0.10464000000000001,0.33671,3.1070900000000004,32.0,36.0,12.0,24.0,51.69,6.0,138.0,3.0,4.8,6.7,178.3,2.7,3.0,993.2,50.0,6.0,9.4,19.0,10.0,594.0,47.0,32.6,250.4,10.0,20.743034055727602,350600.0,431568.0,244746.0,81.1,77.4,84.6,45.5,89.9,93.9,91.4,9700.0,140.0,0.69344409134829,63.5,51.1,83.1,178.0,61.0,65.8,70.3
73,Jordan,Middle East and Northern Africa,82,5.192,0.045239999999999995,0.9019799999999999,1.05392,0.69639,0.40660999999999997,0.14293,0.11052999999999999,1.8799599999999999,13.0,13.0,1.0,12.0,57.84,4.0,113.0,0.0,0.0,2.4,50.0,3.0,0.0,689.0,21.0,7.0,20.7,12.0,7.0,151.0,25.0,29.5,63.0,16.0,12.0,3176.0,3670.0,2184.0,17.9,16.9,18.9,10.6,92.3,97.8,96.9,110.0,490.0,0.203553824435187,98.6,98.9,98.6,58.0,14.4,15.4,16.2
74,Montenegro,Central and Eastern Europe,82,5.192,0.05235,0.9743799999999999,0.9055700000000001,0.72521,0.1826,0.14296,0.1614,2.10017,14.0,32.0,2.0,6.0,71.85,5.0,46.0,5.0,0.0,26.4,142.0,1.4,12.0,545.0,69.0,6.0,1.4,10.0,6.0,314.0,17.0,21.6,154.0,9.0,17.2839506172839,30.0,33.0,21.0,4.7,4.4,4.9,3.1,99.2,100.0,99.7,1.0,8300.0,0.0120434599757848,95.9,92.2,98.0,7.0,4.1,4.3,4.6
75,China,Eastern Asia,84,5.14,0.02424,0.89012,0.94675,0.81658,0.5169699999999999,0.02781,0.08185,1.8604,89.0,131.0,568.0,74.0,62.93,10.0,84.0,6.0,0.0,89.5,143.2,1.7,4.0,452.8,19.5,4.0,0.7,31.4,11.0,261.0,9.0,67.8,244.3,22.0,23.6228455559311,156450.0,181574.0,93435.0,10.7,10.0,11.3,5.5,93.0,97.5,95.5,4400.0,2400.0,0.0423007617254136,76.5,63.7,86.6,27.0,8.6,9.2,9.8
76,Zambia,Sub-Saharan Africa,85,5.129,0.06988,0.47038,0.91612,0.29924,0.48827,0.12468,0.19591,2.6343,18.0,20.0,20.0,11.0,60.5,4.0,97.0,8.0,8.9,0.0,117.0,2.4,7.0,611.0,45.0,5.0,33.6,7.5,6.0,157.0,26.0,18.6,208.0,10.0,12.658227848101301,26636.0,38990.0,13188.0,64.0,58.9,68.9,21.4,51.3,85.6,65.4,1400.0,79.0,1.2582492656878999,43.9,35.7,55.6,224.0,39.2,43.3,47.2
77,Romania,Central and Eastern Europe,86,5.124,0.06607,1.04345,0.8858799999999999,0.7689,0.35068,0.006490000000000001,0.13748,1.9312900000000002,18.0,22.0,5.0,7.0,73.78,9.0,37.0,7.0,50.1,15.9,182.0,3.3,10.0,512.0,19.0,8.0,2.0,8.0,5.0,159.0,14.0,42.0,257.0,15.0,13.715710723192,1614.0,1882.0,1047.0,11.1,9.9,12.2,6.3,100.0,100.0,100.0,56.0,2300.0,0.0428982038241866,79.1,63.3,92.2,31.0,8.7,9.7,10.7
78,Serbia,Central and Eastern Europe,87,5.122999999999999,0.048639999999999996,0.92053,1.0096399999999999,0.74836,0.20107,0.02617,0.19230999999999998,2.025,13.0,15.0,6.0,6.0,68.41,4.0,59.0,7.0,100.0,0.0,131.0,2.0,5.0,635.0,54.0,6.0,6.6,12.0,6.0,244.3,42.0,39.7,272.0,18.0,34.0,547.0,619.0,389.0,6.7,6.0,7.3,4.2,98.9,99.4,99.2,15.0,3900.0,0.0259621357282899,96.4,94.2,98.2,17.0,5.2,5.9,6.5
79,Portugal,Western Europe,88,5.102,0.04802,1.15991,1.13935,0.8751899999999999,0.51469,0.01078,0.13719,1.26462,12.0,62.0,82.0,12.0,77.57,6.0,23.0,7.0,16.1,100.0,52.0,2.0,2.0,547.0,1.0,1.0,2.2,2.5,3.0,275.0,8.0,41.0,113.0,14.0,31.304347826087,251.0,304.0,167.0,3.6,3.3,3.9,2.0,100.0,100.0,100.0,8.0,8200.0,0.0122617624531247,99.7,99.8,99.6,10.0,2.7,3.0,3.2
80,Latvia,Central and Eastern Europe,89,5.098,0.0464,1.11312,1.09562,0.72437,0.29671,0.06332,0.18225999999999998,1.62215,9.0,6.0,1.0,1.0,78.06,5.0,22.0,6.0,0.0,80.8,107.0,1.5,9.0,469.0,16.5,4.0,1.5,5.5,4.0,193.0,7.0,35.9,165.0,12.0,18.0,109.0,129.0,82.0,7.9,7.2,8.6,5.2,98.3,99.8,99.3,4.0,3500.0,0.0288391334987705,87.8,81.5,90.8,18.0,6.4,6.9,7.5
81,Philippines,Southeastern Asia,90,5.073,0.049339999999999995,0.70532,1.03516,0.58114,0.62545,0.12279000000000001,0.24991,1.7536,89.0,77.0,239.0,39.0,60.07,2.0,103.0,5.0,14.0,0.0,42.0,2.7,3.0,842.0,35.0,9.0,16.1,29.0,16.0,193.0,36.0,42.9,98.0,24.0,27.2413793103448,52300.0,65613.0,29601.0,28.0,24.7,31.2,12.6,90.3,93.7,91.8,2700.0,280.0,0.35203815044424697,73.9,70.8,77.9,114.0,19.4,22.2,24.9
82,Morocco,Middle East and Northern Africa,92,5.013,0.0342,0.7347899999999999,0.64095,0.60954,0.41691000000000006,0.08546000000000001,0.07172,2.4537299999999997,15.0,54.0,36.0,16.0,64.51,6.0,75.0,6.0,23.4,0.0,57.0,3.5,2.0,510.0,30.0,5.0,9.1,10.0,4.0,211.0,6.0,49.1,91.0,13.0,16.9620253164557,17043.0,19759.0,12706.0,27.6,24.7,30.3,17.6,65.3,98.7,85.4,850.0,320.0,0.311359166630691,76.7,65.5,84.1,121.0,21.0,23.7,26.2
83,Mozambique,Sub-Saharan Africa,94,4.971,0.07896,0.08308,1.02626,0.09131,0.34037,0.15603,0.22269,3.05137,29.0,63.0,84.0,13.0,53.98,5.0,133.0,4.0,0.0,5.6,91.0,1.5,1.0,950.0,40.0,6.0,15.1,19.0,10.0,217.0,37.0,36.1,111.0,10.0,39.6,60138.0,82387.0,28799.0,78.5,73.9,82.9,27.1,37.0,80.6,51.1,5300.0,40.0,2.530774160985,20.5,10.1,42.4,489.0,52.7,56.7,60.5
84,Albania,Central and Eastern Europe,95,4.959,0.05013,0.8786700000000001,0.8043399999999999,0.81325,0.35733000000000004,0.06412999999999999,0.14272,1.89894,10.0,44.0,0.0,3.0,60.5,9.0,97.0,6.0,0.0,27.1,177.0,2.0,7.0,525.0,22.0,6.0,10.4,5.5,6.0,357.0,34.0,36.5,,,20.7142857142857,564.0,618.0,279.0,14.0,12.5,15.3,6.2,95.2,94.9,95.1,11.0,1900.0,0.0533605376602974,93.2,90.2,95.5,29.0,11.2,12.5,13.7
85,Bosnia and Herzegovina,Central and Eastern Europe,96,4.949,0.06913,0.8322299999999999,0.9191600000000001,0.79081,0.09245,0.00227,0.24808000000000002,2.06367,8.0,35.0,1.0,4.0,63.71,3.0,79.0,6.0,9.9,38.0,125.0,3.3,7.0,595.0,24.0,7.0,14.8,67.0,12.0,420.0,45.0,23.3,179.0,15.0,21.4285714285714,159.0,169.0,124.0,5.4,4.8,5.9,4.0,100.0,99.7,99.9,4.0,6800.0,0.0146235949769799,94.8,92.0,98.9,11.0,4.6,5.1,5.6
86,Lesotho,Sub-Saharan Africa,97,4.898,0.09437999999999999,0.37545,1.04103,0.07612000000000001,0.31767,0.12504,0.16388,2.79832,7.0,1.0,4.0,2.0,57.69,3.0,114.0,0.0,1.0,0.0,114.0,2.6,5.0,615.0,43.0,4.0,9.3,29.0,7.0,324.0,32.0,13.6,179.0,11.0,25.0,4317.0,5570.0,2045.0,90.2,83.1,97.1,32.7,77.0,94.6,81.8,300.0,61.0,1.62713877293158,30.3,27.6,37.3,487.0,62.6,69.2,75.3
87,Dominican Republic,Latin America and Caribbean,98,4.885,0.07446,0.8953700000000001,1.17202,0.66825,0.57672,0.14234000000000002,0.21684,1.21305,14.0,29.0,42.0,6.0,61.16,5.0,93.0,8.0,74.6,23.2,82.0,3.5,1.0,460.0,45.0,6.0,16.4,14.5,7.0,316.0,7.0,42.4,184.0,13.0,20.7650273224044,5572.0,6710.0,4706.0,30.9,27.7,33.8,21.7,81.9,85.4,84.7,200.0,400.0,0.24781820008896696,84.0,75.7,86.2,92.0,23.1,25.7,28.1
88,Mongolia,Eastern Asia,100,4.874,0.03313,0.82819,1.3006,0.60268,0.43626000000000004,0.026660000000000003,0.3323,1.34759,24.0,2.0,0.0,10.0,68.83,6.0,56.0,7.0,0.0,40.5,79.0,4.0,5.0,374.0,10.5,5.0,1.5,6.0,5.0,148.0,41.0,24.4,137.0,17.0,14.8648648648649,1348.0,1581.0,789.0,22.4,17.9,26.6,11.1,59.2,66.4,64.4,30.0,800.0,0.125374056428275,59.7,42.6,66.4,44.0,15.1,19.0,22.8
89,Swaziland,Sub-Saharan Africa,101,4.867,0.08742,0.71206,1.07284,0.07566,0.30658,0.0306,0.18259,2.48676,13.0,4.0,11.0,7.0,59.1,2.0,105.0,7.0,46.4,0.0,137.0,2.0,4.0,956.0,21.0,9.0,23.4,30.0,12.0,110.0,33.0,34.7,96.0,13.0,6.153846153846152,1631.0,2221.0,519.0,60.7,55.9,65.2,14.2,68.9,93.6,74.1,150.0,76.0,1.3109104985179298,57.5,56.0,63.1,389.0,39.8,44.5,48.8
90,Greece,Western Europe,102,4.857,0.05062,1.15406,0.9293299999999999,0.88213,0.07699,0.013969999999999998,0.0,1.8010099999999998,16.0,80.0,59.0,10.0,68.38,7.0,60.0,7.0,81.2,0.0,51.0,3.5,3.0,1580.0,20.0,10.0,2.2,13.0,5.0,193.0,8.0,49.6,124.0,18.0,23.0,382.0,489.0,307.0,4.6,4.3,4.9,2.9,100.0,100.0,100.0,3.0,23700.0,0.00422204071228985,99.0,98.1,99.2,3.0,3.3,3.6,3.9
91,Lebanon,Middle East and Northern Africa,103,4.8389999999999995,0.04337,1.0256399999999999,0.80001,0.83947,0.33916,0.04582,0.21854,1.57059,12.0,27.0,5.0,9.0,56.39,9.0,123.0,6.0,0.0,23.9,75.0,3.0,2.0,721.0,34.0,8.0,34.0,15.0,6.0,183.0,20.0,30.3,244.0,18.0,3.125,726.0,835.0,491.0,8.3,7.9,8.6,4.8,99.0,99.0,99.0,13.0,3700.0,0.0272700650371935,80.7,80.7,80.7,15.0,6.8,7.1,7.3
92,Hungary,Central and Eastern Europe,104,4.8,0.061070000000000006,1.12094,1.20215,0.75905,0.32111999999999996,0.02758,0.128,1.24074,13.0,9.0,12.0,2.0,72.57,2.0,42.0,5.0,88.6,0.0,252.0,2.0,10.0,395.0,16.5,4.0,7.3,5.0,4.0,277.0,11.0,48.4,179.0,23.0,10.1010101010101,461.0,518.0,304.0,5.9,5.4,6.4,3.5,100.0,100.0,100.0,15.0,4400.0,0.0228129148630104,98.0,98.6,97.8,17.0,4.9,5.3,5.7
93,Honduras,Latin America and Caribbean,105,4.788,0.056479999999999995,0.59532,0.9534799999999999,0.6951,0.40148,0.06825,0.23026999999999997,1.84408,11.0,42.0,121.0,8.0,58.06,3.0,110.0,8.0,36.2,22.2,39.0,3.8,9.0,920.0,22.0,6.0,38.7,14.0,12.0,224.0,48.0,44.3,82.0,15.0,25.78125,2832.0,3333.0,1787.0,20.4,18.1,22.6,11.0,83.8,97.4,91.2,220.0,300.0,0.3369169001031469,82.6,77.7,86.7,129.0,15.4,17.4,19.3
94,Tajikistan,Central and Eastern Europe,106,4.7860000000000005,0.03198,0.39047,0.8556299999999999,0.5737899999999999,0.47216,0.15072,0.22974,2.1139900000000003,15.0,5.0,12.0,6.0,54.19,8.0,132.0,7.0,15.9,0.0,133.0,1.7,1.0,430.0,37.0,6.0,21.5,11.0,4.0,276.0,28.0,81.8,242.0,27.0,19.047619047618998,10293.0,11799.0,5494.0,44.8,39.7,49.7,20.5,66.7,93.1,73.8,82.0,790.0,0.12713745806908,95.0,95.5,93.8,32.0,33.9,38.5,42.9
95,Tunisia,Middle East and Northern Africa,107,4.739,0.03589,0.88113,0.60429,0.73793,0.26268,0.06358,0.06431,2.12466,10.0,39.0,7.0,13.0,64.88,4.0,74.0,5.0,0.0,28.9,65.0,1.3,2.0,565.0,39.0,4.0,3.9,11.0,10.0,144.0,8.0,59.9,93.0,17.0,31.3364055299539,2546.0,2919.0,1724.0,14.0,12.7,15.3,8.2,93.2,100.0,97.7,130.0,710.0,0.140912438900575,91.6,79.8,97.4,62.0,10.9,12.1,13.3
96,Bangladesh,Southern Asia,109,4.694,0.03077,0.39753,0.43106000000000005,0.60164,0.4082,0.12569,0.21222,2.51767,33.0,21.0,21.0,33.0,43.1,6.0,174.0,0.0,0.0,0.9,428.9,4.0,6.0,1442.0,244.0,8.0,13.9,19.5,9.0,302.0,21.0,31.6,269.0,13.4,20.0,97478.0,119326.0,74378.0,37.6,34.7,40.4,23.3,87.0,86.5,86.9,5500.0,240.0,0.421170638324937,60.6,62.1,57.7,176.0,28.0,30.7,33.3
97,Ukraine,Central and Eastern Europe,111,4.681,0.04412,0.79907,1.20278,0.6739,0.25123,0.02961,0.15275,1.5714,18.0,24.0,19.0,9.0,63.04,4.0,83.0,7.0,36.7,0.0,263.0,2.9,8.0,378.0,23.0,7.0,0.6,7.0,4.0,350.0,5.0,52.2,67.0,10.0,11.848341232227499,3331.0,3997.0,2378.0,9.0,8.1,9.9,5.5,97.8,95.5,96.2,120.0,2600.0,0.037862152311881,95.9,92.6,97.4,24.0,6.9,7.7,8.5
98,Iraq,Middle East and Northern Africa,112,4.677,0.052320000000000005,0.98549,0.81889,0.60237,0.0,0.13788,0.17922000000000002,1.95335,19.0,17.0,1.0,13.0,46.06,4.0,161.0,0.0,0.0,0.0,77.0,,1.0,520.0,51.0,5.0,39.8,29.0,10.0,312.0,14.0,27.8,249.0,12.0,26.524390243902396,32258.0,38682.0,22482.0,32.0,28.9,34.9,18.4,70.1,93.8,86.6,620.0,420.0,0.24056475447637696,85.6,83.8,86.4,50.0,23.8,26.5,29.0
99,South Africa,Sub-Saharan Africa,113,4.6419999999999995,0.04585,0.9204899999999999,1.18468,0.27688,0.33207,0.08884,0.11972999999999999,1.7195599999999998,46.0,103.0,116.0,25.0,64.89,8.0,73.0,7.0,62.0,0.0,226.0,2.0,5.0,600.0,23.0,7.0,0.3,46.0,6.0,200.0,7.0,28.8,141.0,19.0,41.9191919191919,34078.0,41930.0,11141.0,40.5,37.3,46.5,11.0,81.4,99.6,93.2,1500.0,300.0,0.333630207691807,66.4,60.5,69.6,138.0,28.8,33.6,36.2
100,Ghana,Sub-Saharan Africa,114,4.633,0.04742,0.5455800000000001,0.6795399999999999,0.40131999999999995,0.42341999999999996,0.04355,0.23087,2.30919,20.0,56.0,119.0,20.0,57.69,7.0,114.0,6.0,16.3,0.0,79.0,1.9,7.0,710.0,46.0,5.0,19.4,14.0,8.0,224.0,33.0,32.7,216.0,15.0,10.909090909090901,38211.0,54061.0,25402.0,61.6,56.2,66.7,28.3,84.0,92.6,88.7,2800.0,74.0,1.34487920620275,14.9,8.6,20.2,319.0,38.2,42.8,47.1
101,Zimbabwe,Sub-Saharan Africa,115,4.61,0.0429,0.271,1.0327600000000001,0.33475,0.25861,0.08079,0.18987,2.44191,17.0,3.0,17.0,10.0,48.17,8.0,155.0,5.0,32.1,0.0,106.0,3.3,5.0,410.0,36.0,5.0,112.0,90.0,9.0,242.0,49.0,32.8,448.0,10.0,31.4814814814815,25398.0,38087.0,12836.0,70.7,64.9,76.1,23.5,67.3,97.0,76.9,2400.0,52.0,1.93896426086029,36.8,30.8,49.3,443.0,41.2,46.6,51.8
102,Liberia,Sub-Saharan Africa,116,4.571000000000001,0.11068,0.0712,0.78968,0.34201,0.28531,0.06232000000000001,0.24361999999999998,2.7772900000000003,13.0,62.0,50.0,24.0,40.19,4.0,179.0,0.0,0.0,1.8,465.0,3.0,8.0,1280.0,44.0,10.0,16.8,4.5,4.0,139.5,33.0,47.8,74.0,22.0,10.958904109589,7974.0,10509.0,3644.0,69.9,64.8,74.7,24.1,62.6,88.6,75.6,1100.0,28.0,3.55258818700446,16.9,5.9,28.0,725.0,48.2,52.8,57.2
103,India,Southern Asia,117,4.565,0.02043,0.64499,0.38174,0.5152899999999999,0.39786,0.08492000000000001,0.26475,2.27513,84.0,216.0,385.0,93.0,54.68,7.0,130.0,7.0,22.0,0.0,90.1,4.3,6.0,1420.0,47.0,7.0,13.5,29.0,12.9,243.0,33.0,60.6,191.5,33.6,11.970534069981596,946304.0,1200998.0,695852.0,47.7,49.2,46.3,27.7,92.6,97.1,94.1,45000.0,220.0,0.45279253055489704,39.6,28.5,62.6,174.0,38.0,37.9,37.8
104,Sudan,Sub-Saharan Africa,118,4.55,0.0674,0.52107,1.01404,0.36878,0.10081,0.1466,0.19062,2.20857,23.0,22.0,16.0,12.0,46.97,0.0,159.0,0.0,1.5,0.0,70.0,2.0,3.0,810.0,9.0,6.0,14.8,36.0,10.0,180.0,42.0,45.4,270.0,15.0,30.516431924882607,61285.0,89488.0,38567.0,70.1,65.1,74.8,29.8,,,,4100.0,72.0,1.38887986214656,,,,311.0,42.8,47.6,52.0
105,Haiti,Latin America and Caribbean,119,4.518,0.07331,0.26673,0.74302,0.38847,0.24425,0.17175,0.46187,2.24173,14.0,30.0,42.0,5.0,39.56,2.0,182.0,0.0,0.0,1.6,60.0,,2.0,530.0,312.0,5.0,235.3,97.0,12.0,184.0,47.0,40.3,80.0,12.0,4.21052631578947,13407.0,17841.0,6537.0,69.0,63.1,74.6,25.4,47.6,64.9,57.7,950.0,90.0,1.1061946324324399,27.6,19.2,33.6,359.0,47.0,52.2,57.3
106,Nepal,Southern Asia,121,4.513999999999999,0.03607,0.35996999999999996,0.86449,0.5687399999999999,0.38282,0.059070000000000004,0.32295999999999997,1.9563700000000002,36.0,7.0,17.0,31.0,60.41,6.0,99.0,0.0,1.3,0.0,70.0,2.0,6.0,910.0,5.0,3.0,28.4,17.0,7.0,334.0,34.0,29.5,86.0,10.0,29.5492487479132,16144.0,19900.0,12252.0,35.8,33.6,37.9,22.2,91.8,90.9,91.6,1500.0,150.0,0.647685537723153,45.8,43.5,56.0,258.0,27.0,29.4,31.7
107,Ethiopia,Sub-Saharan Africa,122,4.512,0.0378,0.19072999999999998,0.60406,0.44055,0.4345,0.15048,0.24325,2.44876,32.0,14.0,41.0,33.0,49.73,3.0,146.0,0.0,0.0,0.2,95.0,3.0,3.0,530.0,52.0,7.0,76.1,19.0,11.0,306.0,30.0,32.1,129.0,10.0,,129947.0,184186.0,87414.0,59.2,53.6,64.5,27.7,48.6,93.1,57.3,11000.0,64.0,1.55595120961611,28.0,28.2,27.2,353.0,36.3,41.4,46.3
108,Sierra Leone,Sub-Saharan Africa,123,4.507,0.07067999999999999,0.33024000000000003,0.9557100000000001,0.0,0.4084,0.08786000000000001,0.21488000000000002,2.51009,15.0,56.0,62.0,22.0,49.69,6.0,147.0,0.0,0.0,1.2,82.0,2.3,5.0,515.0,56.0,7.0,44.2,10.0,6.0,344.0,34.0,31.0,166.0,16.0,12.396694214876002,19014.0,26466.0,7615.0,120.4,113.1,127.3,34.9,47.8,84.9,62.6,3100.0,17.0,5.93782378973531,13.3,6.9,22.8,1360.0,80.5,87.1,93.2
109,Mauritania,Sub-Saharan Africa,124,4.436,0.03947,0.45407,0.86908,0.35874,0.24231999999999998,0.17461,0.21899999999999997,2.11773,15.0,43.0,0.0,16.0,44.74,6.0,168.0,2.0,0.0,6.1,70.0,,2.0,370.0,49.0,4.0,18.5,8.0,6.0,734.0,49.0,71.3,104.0,13.0,25.1700680272109,8523.0,11050.0,4695.0,84.7,79.5,95.8,35.7,57.1,58.4,57.9,810.0,36.0,2.7440057817808903,40.0,13.8,57.5,602.0,58.7,65.1,73.4
110,Kenya,Sub-Saharan Africa,125,4.419,0.04734,0.36471,0.99876,0.41435,0.42215,0.05839,0.37542,1.78555,39.0,70.0,222.0,30.0,58.24,3.0,108.0,7.0,14.3,0.0,110.0,4.5,7.0,465.0,61.0,9.0,35.3,26.0,11.0,201.5,30.0,37.1,146.0,15.0,19.7142857142857,53749.0,74429.0,33741.0,49.4,45.2,53.4,22.2,56.8,81.6,63.2,8000.0,42.0,2.353192765234,30.1,29.7,31.2,510.0,32.0,35.5,38.8
111,Djibouti,Sub-Saharan Africa,126,4.369,0.08096,0.44025,0.59207,0.36291,0.46074,0.28105,0.18093,2.05125,11.0,18.0,3.0,6.0,44.25,4.0,171.0,0.0,0.0,0.4,125.0,2.3,1.0,1225.0,39.0,6.0,168.1,14.0,7.0,82.0,36.0,37.6,111.0,17.0,12.727272727272696,1190.0,1429.0,737.0,65.3,59.3,71.1,33.4,64.7,97.4,90.0,50.0,140.0,0.6980125000686128,47.4,5.1,59.8,229.0,49.1,54.2,59.2
112,Armenia,Central and Eastern Europe,127,4.35,0.04763,0.7682100000000001,0.7771100000000001,0.7299,0.19847,0.039,0.07855,1.75873,15.0,3.0,71.0,8.0,74.22,5.0,35.0,8.0,94.1,0.0,180.0,1.9,5.0,570.0,7.0,3.0,1.0,3.0,2.0,313.0,10.0,19.9,84.0,18.0,10.6870229007634,513.0,577.0,301.0,14.1,12.5,15.6,7.4,100.0,100.0,100.0,10.0,2300.0,0.0426649319269288,89.5,78.2,96.2,25.0,11.1,12.6,13.9
113,Botswana,Sub-Saharan Africa,128,4.332,0.049339999999999995,0.99355,1.10464,0.047760000000000004,0.49495,0.12474,0.10461,1.46181,13.0,2.0,2.0,8.0,64.98,7.0,72.0,6.0,51.1,0.0,77.0,1.7,5.0,625.0,12.0,4.0,0.7,48.0,9.0,152.0,34.0,25.1,110.0,19.0,9.52380952380952,2007.0,2488.0,1268.0,43.6,39.8,47.2,21.9,92.3,99.2,96.2,72.0,270.0,0.3748789292849021,63.4,43.1,78.5,129.0,31.5,34.8,37.9
114,Myanmar,Southeastern Asia,129,4.3069999999999995,0.04351,0.27108000000000004,0.70905,0.48246000000000006,0.44017,0.19034,0.79588,1.41805,48.0,43.0,61.0,46.0,45.27,3.0,167.0,0.0,0.0,0.0,77.0,5.0,2.0,1160.0,85.0,6.0,97.1,13.0,11.0,188.0,31.0,31.4,95.0,14.0,6.19047619047619,36176.0,46284.0,24302.0,50.0,44.9,54.9,26.4,74.4,92.7,80.6,1700.0,260.0,0.384770651869194,79.6,77.1,84.3,178.0,34.9,39.5,43.8
115,Georgia,Central and Eastern Europe,130,4.297,0.042210000000000004,0.7419,0.38561999999999996,0.72926,0.40576999999999996,0.38331,0.055470000000000005,1.59541,15.0,11.0,61.0,8.0,77.45,9.0,24.0,8.0,74.5,0.0,71.0,2.0,9.0,285.0,1.0,1.0,3.1,2.0,2.0,362.0,5.0,16.4,48.0,7.0,11.333333333333302,601.0,673.0,408.0,11.9,10.5,13.3,7.2,100.0,100.0,100.0,19.0,1500.0,0.0677023774558366,86.3,75.9,95.2,36.0,9.3,10.6,11.9
116,Malawi,Sub-Saharan Africa,131,4.292,0.0613,0.016040000000000002,0.41134,0.22562,0.43054,0.06977,0.33128,2.8079099999999997,18.0,98.0,25.0,8.0,51.03,4.0,141.0,0.0,0.0,0.0,127.0,2.6,5.0,432.0,69.0,6.0,84.6,38.0,8.0,174.5,35.0,34.5,153.0,13.0,16.6666666666667,27260.0,40048.0,13720.0,64.0,59.5,68.3,21.8,89.1,95.7,90.2,4200.0,29.0,3.4524141867199396,41.0,39.8,47.3,634.0,39.6,43.4,47.0
117,Sri Lanka,Southern Asia,132,4.271,0.03751,0.83524,1.01905,0.70806,0.5372600000000001,0.09179,0.40828000000000003,0.67108,16.0,46.0,291.0,30.0,58.96,6.0,107.0,6.0,50.3,0.0,100.0,1.7,3.0,1318.0,51.0,9.0,18.7,10.0,8.0,167.0,47.0,55.2,116.0,12.0,5.77777777777778,2620.0,3091.0,1683.0,9.8,8.8,10.7,5.4,95.0,98.5,95.6,98.0,1600.0,0.0634978920148956,95.1,96.7,88.1,30.0,7.5,8.4,9.2
118,Cameroon,Sub-Saharan Africa,133,4.252,0.04678,0.4225,0.8876700000000001,0.23401999999999998,0.49309,0.05786,0.20618000000000003,1.95071,26.0,119.0,490.0,43.0,44.11,7.0,172.0,1.0,0.0,6.5,64.0,2.8,6.0,800.0,86.0,5.0,32.7,15.0,5.0,630.0,44.0,48.8,150.0,15.0,31.11111111111111,46762.0,71348.0,21071.0,87.9,81.7,93.5,25.7,52.7,94.8,75.6,5100.0,35.0,2.88839261775741,45.8,26.8,61.8,596.0,51.4,57.1,62.4
119,Bulgaria,Central and Eastern Europe,134,4.218,0.04828,1.01216,1.10614,0.76649,0.30587,0.00872,0.11921,0.89991,18.0,22.0,6.0,7.0,73.72,10.0,38.0,5.0,0.0,64.7,130.0,3.3,9.0,564.0,11.0,8.0,0.7,18.0,4.0,423.0,14.0,27.0,110.0,16.0,20.4166666666667,557.0,634.0,335.0,10.4,9.3,11.5,5.6,99.0,99.6,99.4,7.0,6200.0,0.0161819666750275,86.0,83.7,86.8,11.0,8.3,9.3,10.3
120,Angola,Sub-Saharan Africa,137,4.033,0.047580000000000004,0.75778,0.8604,0.16683,0.10384000000000002,0.07122,0.12344000000000001,1.9493900000000002,26.0,50.0,34.0,17.0,39.64,4.0,181.0,0.0,0.0,3.3,145.0,,1.0,1296.0,190.0,7.0,22.5,36.0,8.0,282.0,30.0,48.4,203.0,10.0,36.8181818181818,104291.0,169310.0,53164.0,156.9,148.9,164.6,48.7,28.2,75.4,49.0,5400.0,32.0,3.08488586514674,51.6,22.5,88.6,477.0,87.9,96.0,103.7
121,Mali,Sub-Saharan Africa,138,3.995,0.05602000000000001,0.26074,1.03526,0.20583,0.38856999999999997,0.12352,0.18798,1.79293,16.0,2.0,8.0,12.0,50.81,7.0,143.0,0.0,0.0,0.1,120.0,3.6,6.0,620.0,29.0,5.0,71.3,8.5,5.0,270.0,35.0,48.3,124.0,13.0,8.84353741496599,53880.0,82710.0,27439.0,114.7,108.4,120.4,37.8,64.1,96.5,77.0,4400.0,27.0,3.74089087682092,24.7,16.1,37.5,587.0,68.2,74.5,80.4
122,Comoros,Sub-Saharan Africa,140,3.9560000000000004,0.04797,0.23906,0.79273,0.36315,0.22916999999999998,0.19899999999999998,0.17440999999999998,1.95812,10.0,8.0,7.0,5.0,48.22,7.0,154.0,2.0,0.0,7.4,120.0,,6.0,506.0,30.0,4.0,118.2,15.0,8.0,100.0,33.0,216.5,108.0,10.0,3.03030303030303,1433.0,1897.0,889.0,73.5,67.8,79.0,34.0,89.1,92.6,90.1,88.0,66.0,1.51743712608214,35.8,30.9,48.3,335.0,50.1,55.1,60.0
123,Uganda,Sub-Saharan Africa,141,3.931,0.04317,0.21101999999999999,1.13299,0.33860999999999997,0.45726999999999995,0.07267,0.29066,1.42766,25.0,61.0,52.0,27.0,56.64,3.0,122.0,7.0,5.3,0.0,86.0,2.2,6.0,490.0,42.0,10.0,39.7,27.0,15.0,209.0,31.0,36.5,159.0,18.0,34.9740932642487,59856.0,85291.0,29738.0,54.6,49.1,59.9,18.7,75.8,95.5,79.0,5700.0,47.0,2.1283034635971,19.1,17.3,28.5,343.0,33.7,37.7,41.6
124,Senegal,Sub-Saharan Africa,142,3.904,0.03608,0.36498,0.97619,0.4354,0.36772,0.10712999999999999,0.20843000000000003,1.44395,16.0,54.0,11.0,17.0,48.57,7.0,153.0,0.0,0.0,0.5,81.0,3.0,6.0,740.0,71.0,5.0,63.7,6.0,4.0,620.0,58.0,47.3,200.0,13.0,42.6666666666667,24123.0,27059.0,12055.0,47.2,44.3,54.0,20.8,67.3,92.9,78.5,1800.0,61.0,1.63320028488616,47.6,33.8,65.4,315.0,37.8,41.7,46.5
125,Gabon,Sub-Saharan Africa,143,3.8960000000000004,0.04547,1.06024,0.90528,0.43372,0.31914000000000003,0.11091,0.06822,0.99895,6.0,71.0,154.0,19.0,45.99,7.0,162.0,2.0,0.0,52.0,148.0,5.0,6.0,1070.0,103.0,6.0,15.1,50.0,7.0,488.0,26.0,45.7,329.0,12.0,14.166666666666698,1852.0,2579.0,1195.0,50.8,45.8,55.3,23.2,66.7,97.2,93.2,150.0,85.0,1.1739566867250901,41.9,31.5,43.4,291.0,31.6,36.1,40.2
126,Niger,Sub-Saharan Africa,144,3.845,0.036019999999999996,0.0694,0.77265,0.29707,0.47691999999999996,0.15639,0.19387000000000001,1.87877,11.0,4.0,3.0,12.0,46.37,7.0,160.0,0.0,0.0,0.3,115.0,5.0,6.0,545.0,35.0,4.0,67.8,15.0,6.0,270.0,41.0,48.2,112.0,15.0,13.274336283185804,54226.0,87967.0,25495.0,95.5,90.9,99.8,26.8,48.6,100.0,58.2,5400.0,23.0,4.36993037066367,10.9,4.6,37.9,553.0,52.1,57.1,61.8
127,Cambodia,Southeastern Asia,145,3.819,0.05069,0.46038,0.62736,0.61114,0.66246,0.07247,0.40359,0.98195,27.0,44.0,36.0,36.0,55.22,5.0,127.0,5.0,37.0,0.0,179.0,6.0,11.0,483.0,56.0,7.0,78.7,87.0,7.0,173.0,40.0,21.0,652.0,20.0,20.325203252032498,8759.0,10257.0,5282.0,28.7,25.2,32.0,14.8,69.1,100.0,75.5,590.0,210.0,0.47297294649920396,42.4,30.5,88.1,161.0,21.5,24.6,27.6
128,Tanzania,Sub-Saharan Africa,146,3.781,0.05061,0.2852,1.00268,0.38215,0.32878,0.05747000000000001,0.34376999999999996,1.38079,47.0,175.0,602.0,38.0,51.62,2.0,139.0,0.0,4.97,0.0,109.0,3.0,5.0,515.0,67.0,8.0,18.0,26.0,9.0,179.0,49.0,43.9,205.0,18.0,36.0,72069.0,98180.0,38575.0,48.7,45.0,52.1,18.8,45.5,77.2,55.6,8200.0,45.0,2.20240526714101,15.6,8.3,31.3,398.0,32.3,35.2,37.8
129,Madagascar,Sub-Saharan Africa,147,3.681,0.03633,0.20824,0.66801,0.46721,0.19184,0.08123999999999999,0.21333000000000002,1.851,35.0,87.0,540.0,119.0,45.68,7.0,164.0,0.0,0.0,3.0,450.0,3.0,3.0,871.0,100.0,6.0,43.7,13.0,9.0,183.0,23.0,38.1,185.0,15.0,20.5298013245033,29429.0,40075.0,16189.0,49.6,45.3,53.6,19.7,35.3,81.6,51.5,2900.0,60.0,1.66981789789433,12.0,8.7,18.0,353.0,32.3,35.9,39.3
130,Central African Republic,Sub-Saharan Africa,148,3.678,0.06112000000000001,0.0785,0.0,0.06699,0.48878999999999995,0.08288999999999999,0.23835,2.7223,14.0,3.0,24.0,13.0,36.26,7.0,185.0,0.0,0.0,3.3,98.0,4.8,6.0,660.0,75.0,5.0,204.0,22.0,10.0,483.0,56.0,73.3,200.0,15.0,,14981.0,21029.0,6993.0,130.1,123.2,136.6,42.6,54.4,89.6,68.5,1400.0,27.0,3.6683426807707797,21.8,7.2,43.6,882.0,84.0,91.5,98.5
131,Chad,Sub-Saharan Africa,149,3.667,0.0383,0.34193,0.76062,0.1501,0.23501,0.05269,0.18386,1.9429599999999998,13.0,1.0,6.0,14.0,38.22,7.0,183.0,0.0,0.0,2.4,67.0,4.0,6.0,743.0,44.0,6.0,150.4,60.0,9.0,732.0,54.0,63.5,221.0,13.0,14.8936170212766,51335.0,82728.0,23789.0,138.7,131.4,145.6,39.3,44.8,71.8,50.8,5400.0,18.0,5.518801588691349,12.1,6.5,31.4,856.0,78.0,85.0,91.8
132,Guinea,Sub-Saharan Africa,150,3.656,0.0359,0.17417,0.46475,0.24009,0.37725,0.12139000000000001,0.28657,1.9917200000000002,19.0,75.0,35.0,25.0,45.54,7.0,165.0,0.0,0.0,0.0,69.0,3.8,6.0,311.0,44.0,6.0,79.0,8.0,6.0,440.0,57.0,68.3,173.0,27.0,21.9298245614035,27757.0,42073.0,14288.0,93.7,88.2,99.0,31.3,67.4,92.7,76.8,3100.0,29.0,3.4621126580278503,20.1,11.8,34.1,679.0,55.3,61.0,66.3
133,Burkina Faso,Sub-Saharan Africa,152,3.5869999999999997,0.04324,0.25811999999999996,0.85188,0.27125,0.39493,0.12832000000000002,0.21746999999999997,1.46494,11.0,4.0,3.0,9.0,50.81,7.0,143.0,0.0,0.0,0.3,158.0,4.0,6.0,446.0,67.0,4.0,43.5,13.0,3.0,270.0,45.0,41.3,129.0,12.0,13.333333333333302,41810.0,60477.0,18346.0,88.6,83.4,93.7,26.7,75.8,97.5,82.3,2700.0,48.0,2.0701273348727303,19.7,6.7,50.4,371.0,55.6,60.9,66.0
134,Afghanistan,Southern Asia,153,3.575,0.03084,0.31982,0.30285,0.30335,0.23414000000000001,0.09719,0.3651,1.9521,17.0,5.0,5.0,10.0,40.58,1.0,177.0,0.0,0.0,0.5,114.0,2.0,9.0,1642.0,250.0,9.0,19.0,7.0,3.0,275.0,20.0,36.3,353.0,11.0,27.710843373494,67399.0,94261.0,36242.0,91.1,87.4,94.6,35.5,47.0,78.2,55.3,4300.0,52.0,1.92613064033961,31.9,27.0,45.1,396.0,62.1,66.3,70.3
135,Rwanda,Sub-Saharan Africa,154,3.465,0.03464,0.22208000000000003,0.7737,0.42863999999999997,0.59201,0.55191,0.22628,0.67042,16.0,9.0,8.0,23.0,68.12,7.0,62.0,8.0,18.8,5.4,34.0,2.5,11.0,230.0,32.0,3.0,55.0,5.5,7.0,109.0,25.0,33.0,77.0,11.0,63.75,10445.0,14207.0,6299.0,41.7,37.8,45.4,18.7,71.9,86.6,76.1,1100.0,85.0,1.17884968586362,61.6,62.9,58.5,290.0,27.8,31.1,34.2
136,Benin,Sub-Saharan Africa,155,3.34,0.03656,0.28665,0.35386,0.3191,0.4845,0.0801,0.1826,1.6332799999999998,10.0,38.0,17.0,12.0,47.15,7.0,158.0,0.0,0.0,0.6,90.0,4.0,6.0,750.0,120.0,4.0,45.3,12.0,7.0,270.0,57.0,63.3,88.0,13.0,7.228915662650597,24069.0,37092.0,11955.0,99.5,94.6,104.0,31.8,72.1,85.2,77.9,1600.0,51.0,1.9740659316900304,19.7,7.3,35.6,405.0,59.2,64.2,68.9
137,Burundi,Sub-Saharan Africa,157,2.905,0.08657999999999999,0.0153,0.41586999999999996,0.22396,0.1185,0.10062,0.19727,1.83302,13.0,17.0,8.0,12.0,48.82,8.0,152.0,0.0,0.0,4.4,158.0,5.0,2.0,832.0,23.0,5.0,13.4,4.0,3.0,274.0,25.0,40.3,99.0,14.0,30.4761904761905,24956.0,36970.0,13236.0,81.7,75.6,87.5,28.6,73.8,91.1,75.9,3500.0,23.0,4.27294827484083,48.0,48.6,43.8,712.0,48.0,54.1,60.0
138,Togo,Sub-Saharan Africa,158,2.839,0.06727000000000001,0.20868,0.13995,0.28443,0.36453,0.10730999999999999,0.16680999999999999,1.56726,11.0,35.0,12.0,11.0,49.03,7.0,150.0,0.0,0.0,0.5,51.0,3.0,6.0,488.0,288.0,5.0,77.8,10.0,6.0,270.0,50.0,48.5,165.0,12.0,17.5824175824176,13077.0,19512.0,6694.0,78.4,72.1,84.4,26.7,44.2,91.4,63.1,940.0,58.0,1.71769884969413,11.6,2.9,24.7,368.0,46.7,52.3,57.6
